np00130007|5th freedom|Buffalo NY
np00010016|The A.T. Eye|Canton NY
np00010007|The A.T. See|Canton NY
sn86033360|Adirondack daily enterprise|Saranac Lake NY
sn93063680|The Adirondack mountain sun|Lowville NY
sn87070345|The Adirondack news|St. Regis Falls NY
sn87070340|The Adirondack record-Elizabethtown post|Au Sable Forks NY
sn84031732|The Adirondack record|Au Sable Forks NY
sn90066433|Advance news|Ogdensburg NY
sn89071106|The Advance-news|Ogdensburg NY
sn85026929|The advance|Ogdensburgh NY
sn84031374|The advertiser-journal|Auburn NY
sn89071003|The advertiser|Dansville NY
np00010008|The Aggie Observer|Canton NY
np00010009|The Aggie Spirit|Canton NY
sn86053053|Albany Argus and daily city gazette, extra|Albany NY 
sn83030863|The Albany centinel|Albany NY 
sn83030801|The Albany register|Albany NY
sn92061686|Allegany County news|Whitesville NY
2006245259|The Altamont enterprise and Albany County post|Altamont NY
sn84031267|Altamont enterprise and Albany County post|Altamont NY
sn84031266|Altamont enterprise|Altamont NY
sn86011850|The Altamont enterprise|Altamont NY
sn84031542|The Amateur courier|Cuba NY
sn84031127|American journal|Ithaca NY
sn92062028|American union|Ellicottville NY
sn83031369|Anti-Masonic telegraph|Norwich NY
sn83008298|Arcade herald|Arcade NY
sn88074478|Arcade herald|Arcade NY
sn88074454|The Arcadian weekly gazette|Newark NY
np00130001|Argus|Buffalo NY
sn83045592|The Argus|Albany NY
np00250001|The Ascent|Amherst NY
sn83030864|Auburn daily advertiser|Auburn NY
sn88074197|Auburn free press|Auburn NY
sn87070067|Auburn journal and advertiser|Auburn NY
sn86063481|Auburn morning dispatch|Auburn NY
sn90066102|Auburn weekly American|Auburn NY
sn90066023|Auburn weekly dispatch|Auburn NY
sn84031106|The Aurora gazette|Aurora NY
sn84031344|The Babylon beacon|Babylon NY
sn84031018|The Baldwinsville gazette and farmers journal|Baldwinsville NY
sn83030758|The Baldwinsville gazette|Baldwinsville NY
sn85009771|Banner times|Pulaski NY
sn84031187|Batavia daily news|Batavia NY
np00070001|Bayport-Blue Point Gazette|Bayport NY
sn84031349|The beacon|Babylon NY
np00130002|The bee|Buffalo NY
sn94057804|The Bee|Heuvelton NY
sn90066174|Bellmore life|Bellmore NY
sn94057939|The Bethpage tribune|Bethpage NY
sn90066556|Binghamton courier|Binghamton NY
sn89071389|Black River Democrat|Lowville NY
sn85054393|Black River gazette|Lowville NY
sn83030931|Bloomville mirror|Bloomville NY
np00320002|The blue banner|Syracuse NY
sn84031157|Bolivar breeze|Bolivar NY
sn84031640|The Brewster standard|Brewster NY
sn88074530|The Broadalbin herald|Broadalbin NY
sn88074072|Brockport republic and Brockport Democrat|Brockport NY
sn86053142|The Brockport republic|Brockport NY
sn91066993|The Brookfield courier and the reporter|Brookfield NY
sn91066994|The Brookfield courier|Brookfield NY
sn83031149|The Brooklyn Daily Eagle and Kings County Democrat|Brooklyn NY
sn83031151|The Brooklyn Daily Eagle|Brooklyn NY
sn83031041|Broome Republican|Binghamton NY
sn91066599|The Buffalo Criterion|Buffalo NY
sn95071129|The Buffalo Criterion|Buffalo NY
sn85038653|Buffalo daily republic and times|Buffalo NY 
sn83030935|Buffalo daily republic|Buffalo NY
sn83045870|Buffalo evening news|Buffalo NY
sn83030927|Buffalo evening post|Buffalo NY
sn83030921|The Buffalo express|Buffalo NY
sn2004060311|Buffalo Irish Times|Buffalo NY
sn85054106|Buffalo morning express and daily democracy|Buffalo NY
sn83030920|Buffalo morning express|Buffalo NY
sn85042194|Buffalo morning express|Buffalo NY
sn85042195|Buffalo morning express|Buffalo NY
sn94057655|The Buffalo news|Buffalo NY
sn90066293|Callicoon local record|Youngsville NY
sn84035854|The Candor courier|Candor NY
np00030004|The Canisian|Buffalo NY
np00010013|The Cannon|Watertown NY
np00010014|The Cannoneer|Watertown NY
sn83031538|Cape Vincent eagle|Cape Vincent NY
sn94057709|Cape Vincent eagle|Cape Vincent NY
sn94057706|The Cape-Vincent gazette|Cape Vincent NY
sn92062062|Capital herald|Little Valley NY
sn2001061828|Capital neighbors|Albany NY
np00090001|Cardinal courier|Rochester NY
np00010003|Cardinal Points|Plattsburgh NY
np00020001|Catholic Courier and Journal|Rochester NY
np00020003|The Catholic Courier Journal|Rochester NY
np00020002|The Catholic Courier|Rochester NY
np00020006|Catholic Courier|Rochester NY
np00020005|The Catholic Journal|Rochester NY
sn83031247|Catskill Mountain news|Margaretville NY
sn84031829|Catskill recorder and Democrat and Democratic herald|Catskill NY 
sn91066686|Catskill recorder, and Greene County Republican|Catskill NY 
sn83031455|Catskill recorder|Catskill NY
sn83031456|The Catskill recorder|Catskill NY
sn83031545|The Catskill recorder|Catskill NY
sn85042160|Cattaraugus Republican|Ellicottville NY
sn85054110|Cattaraugus Republican|Little Valley NY
sn92062100|Cattaraugus times|Cattaraugus NY
sn83030977|The Cattaraugus union|Ellicottville NY
sn83031502|Cazenovia Republican|Cazenovia NY
sn2001062035|Chappaqua journal|Chappaqua NY
sn2001062038|Chappaqua sun|Mt. Kisco NY
sn84035853|The Chateaugay journal|Chateaugay NY
sn87070301|Chateaugay record and Franklin County Democrat|Chateaugay NY
sn84035846|Chateaugay record|Chateaugay NY
sn83031284|Chatham courier|Chatham Four Corners NY
sn89071126|The Chatham courier|Chatham NY
sn89071123|The Chatham Republican|Chatham NY
sn89071125|Chatham semi-weekly courier|Chatham NY
sn83031218|The Chenango American|Greene NY
sn83031480|Chenango Republican, or, Oxford gazette and peoples advocate|Oxford NY
sn83031359|Chenango telegraph|Norwich NY
sn83031269|Cherry Valley gazette|Cherry Valley NY
sn85026235|The Cherry Valley gazette|Cherry Valley NY
sn85026237|Cherry Valley gazette|Cherry Valley NY
sn83031271|Cherry-Valley gazette|Cherry Valley NY
sn84031443|Chronicle-express|Penn Yan NY
sn83031256|The chronicle|Mount Vernon NY
sn2001061897|The City Island drift|City Island NY
np00170002|The Clarion|Troy NY
np00010001|Clarkson Integrator|Potsdam NY
sn94057779|The Clayton free press|Clayton NY
sn83031471|Clayton independent|Clayton NY
sn94057780|Clayton news|Clayton NY
sn88074677|Clifton Springs review|Clifton Springs NY
np00190004|CO-NO press|Cortland NY
sn83031265|The Cobleskill index|Cobleskill NY
sn83031270|The Coeymans herald|Coeymans NY
sn84031832|Cohoes advertiser|Cohoes NY
sn84031577|The Cohoes Republican|Cohoes NY
np00280002|The Colonial news|Endicott NY
sn89071100|The Columbia Republican|Hudson NY
sn84027449|The Columbia Washingtonian|Hudson NY
sn83030233|Commercial advertiser|NY 
sn83030435|Commercial advertiser|NY 
sn85054395|Commercial advertiser|Potsdam Junction NY
sn87070274|The commercial advertiser|Sandy Hill NY
sn87070282|The Commonweal|Greenwich NY
sn96027707|The Concordiensis|Schenectady NY
sn85035503|Cooperstown Federalist|Cooperstown 
sn96003358|Cooperstown independent|Cooperstown NY
sn83031606|The corrector|Sag-Harbor NY
sn89071059|The corrector|Auburn NY
sn91066328|Cortland standard and weekly journal|Cortland NY
sn91066329|Cortland standard|Cortland NY
sn85026247|The countryman|Lyons NY
sn84035791|The County review|Riverhead NY
sn83031769|Courier and freeman|Potsdam NY
sn88074337|Courier express|Buffalo NY
sn88074234|The courier-gazette|Newark NY
np00020004|Courier-Journal|Rochester NY
sn84035939|Courier-journal|Palmyra NY
sn90066318|The Coxsackie union|Coxsackie NY
sn84031653|Coxsackie weekly union|Coxsackie NY
sn92062154|Creeker|Silver Creek NY
sn84031348|Cuba daily news|Cuba NY
sn84031386|Cuba evening review|Cuba NY
sn85054091|The Cuba patriot and free press|Cuba NY
sn90066078|The Cuba patriot and free press|Cuba NY
sn84031258|The Cuba patriot|Cuba NY
sn90066077|The Cuba patriot|Cuba NY
sn85054090|The Cuba true patriot|Cuba NY
sn90066578|The daily bulletin|Endicott NY
sn85054112|The daily journal|Ogdensburgh NY
sn95071016|The daily journal|Buffalo NY
sn88074616|The daily leader|Gloversville NY
sn84031182|Daily morning news|Batavia NY
sn83030756|The daily news|Batavia NY
sn94057774|Daily on the St. Lawrence|Clayton NY
sn84031480|The daily palladium|Oswego NY
sn2001062090|The daily press|White Plains NY
sn95071431|The daily review|Freeport NY
sn83031649|The Daily Saratogian|Saratoga Springs NY
sn84035835|Daily sentinel|Ogdensburgh NY
sn94057587|The daily sun|Lockport NY
sn98067503|Dans Papers - The East Hampton summer sun|Easthampton NY
sn96083592|Dans Papers - The Hampton exchange|Bridgehampton NY
sn88074877|Dans Papers - The Montauk pioneer|Montauk NY
sn98067502|Dans Papers - Southampton summer day|Southampton NY
sn83030942|The Dansville advertiser|Dansville NY
sn89071025|The Dansville advertiser|Dansville NY
sn85042493|Dansville breeze|Dansville NY
sn89071026|The Dansville express and advertiser|Dansville NY
sn83030923|The Dansville express|Dansville NY
sn83030902|Dansville herald|Dansville NY
sn89071024|Dansville weekly herald|Dansville NY
sn83030838|Delaware gazette|Delhi NY
sn87070419|The Democrat|Hoosick Falls NY
sn92061811|The Democrat|Olean NY
sn94057708|The Democratic eagle|Cape Vincent NY
sn84031175|Deutscher Wochenspiegel|Rochester NY
np00190003|The Dragon chronicle|Cortland NY
sn86032496|Dundee observer|Dundee NY
sn83031030|Dundee record|Dundee NY
sn93063775|Dunkirk evening observer|Dunkirk NY
sn93063955|The Dunkirk observer-journal|Dunkirk NY
sn83045091|Dziennik Dla Wszystkich = Polish Everybodys Daily|Buffalo NY
sn90066439|The Eagle-bulletin and DeWitt times|Fayetteville NY
sn88075723|The Eagle-bulletin, DeWitt news-times|Fayetteville NY
sn84031467|The eagle-bulletin|Fayetteville NY
sn88075724|Eagle-bulletin|Fayetteville NY
sn83008745|East Rockaway Lynbrook observer|East Rockaway NY
sn83031950|Eastern state journal|White Plains NY
sn83030960|The East Hampton Star|East Hampton NY
sn89071231|The echo|Rush NY
sn92061912|The Elizabethtown post and gazette|Elizabethtown NY
sn83030973|The Elizabethtown post|Elizabethtown NY
sn92061913|The Elizabethtown post|Elizabethtown NY
sn92061660|Ellicottville news|Ellicottville NY
sn92062048|The Ellicottville post|Ellicottville NY
sn92062072|Ellicottville post|Ellicottville NY
sn90066597|Elmira advertiser|Elmira NY
np00270002|Elmira College Weekly|Elmira NY
sn83030951|Elmira daily advertiser|Elmira NY
sn90066588|Elmira daily bazoo|Elmira NY
sn83030949|The Elmira gazette|Elmira NY
sn85054488|Elmira morning telegram|Elmira NY
sn88074052|The Elmira Republican|Elmira NY
sn84031253|The Elmira tidings|Elmira NY
sn85054482|Elmira weekly advertiser and Chemung County Republican|Elmira NY
sn83030966|Elmira weekly advertiser|Elmira NY
sn83030953|Elmira weekly gazette|Elmira NY
np00310001|The Emerald Press|Hamilton NY
sn84031049|Endicott bulletin|Endicott NY
sn90066577|Endicott daily bulletin|Endicott NY
sn89071103|The Endicott times|Endicott NY
sn84031265|The Enterprise|Altamont NY
np00030003|Entricy Herald|Sanborn NY
sn84031741|Essex County Republican|Keeseville NY
sn83030936|Evening courier and republic|Buffalo NY
sn83031647|The evening gazette|Port Jervis NY
sn84031812|The evening journal|Jamestown NY
sn93063822|The evening news|Oneonta NY
sn87070026|The evening observer|Dunkirk NY
sn93063953|Evening observer|Dunkirk NY
sn83030384|The evening post|New York NY
sn83030390|Evening post|New York NY 
sn85042132|The evening republic|Buffalo NY
sn83030193|The evening world|New York NY
sn83031115|The expositor|Geneva NY
np00230001|The Factory times|Utica NY
sn93063605|Facts and fallacies|Brushton NY
sn93063603|Facts and fallacies and Brushtonian|Brushton NY
sn93063604|Facts and fallacies|Brushton NY
sn88074724|Fairport herald-mail|Fairport NY
sn85026408|The Fairport herald|Fairport NY
sn88074714|Fairport-Perinton herald-mail|Fairport NY
sn95071030|The Farmingdale observer|Farmingdale NY
sn84031466|Fayetteville bulletin|Fayetteville NY
sn90066436|Fayetteville luminary, and Reformed Methodist intelligencer|Fayetteville NY
sn84031130|The Fayetteville recorder|Fayetteville NY
sn88075727|Fort Covington sun|Fort Covington NY
sn87070303|The Fort Edward advertiser|Fort Edward NY
sn84031837|The Fort Edward ledger|Fort Edward NY
sn83031574|Franklin Gazette|Fort Covington NY
sn87070126|Franklin visitor|Franklin NY
sn83030656|Free press|Auburn NY
sn83031680|Freedoms sentinel|Schenectady NY
sn83031660|The freemans banner|Schenectady NY
sn91066400|The Freemans journal and the Oneonta press|Cooperstown NY
np00120001|The Freemans journal|Cooperstown NY
sn83031222|The freemans journal|Cooperstown NY
sn83031249|The freemans journal|Cooperstown NY
sn95071065|The Freeport Baldwin Leader|Freeport NY
sn95071012|The Freeport news|Freeport, Long Island NY
sn83031565|Frontier palladium|Malone NY
sn94057707|Frontier patriot|Cape Vincent NY
sn88074036|Frontier sentinel|Ogdensburgh NY
sn83031298|Fulton County Democrat|Johnstown NY 
sn85026711|Fulton County Republican|Johnstown NY
sn88074736|Fulton County Republican|Johnstown NY
sn88074584|The Fulton patriot|Fulton NY
np00140001|Gananda Times|Walworth NY
sn95071013|The Garden City news|Garden City NY
sn84031125|Gates-Chili news|Rochester NY
sn84031150|The Gates-Chili press|Rochester NY
sn84031120|Gates-Chilis shopping dollar news|Rochester NY
sn84031019|The Gazette and farmers journal|Baldwinsville NY
sn83045207|La Gazzetta di Syracuse|Syracuse NY
np00080002|Geneseo lamron|Geneseo NY
sn84031547|Geneva advertiser-gazette|Geneva NY
sn84031294|Geneva advertiser|Geneva NY
sn84031546|Geneva advertiser|Geneva NY
sn83031163|Geneva courier|Geneva NY
sn83031108|Geneva daily gazette|Geneva NY
sn84035773|Geneva daily times|Geneva NY
sn88074668|Geneva daily times|Geneva NY
sn84035849|The Geneva gazette, and general advertiser|Geneva NY
sn83031114|The Geneva gazette, and mercantile advertiser|Geneva NY
sn83031109|The Geneva gazette|Geneva NY
sn83031120|The Geneva gazette|Geneva NY
sn84031213|Geneva palladium|Geneva NY
sn84031659|The Gilboa monitor|Gilboa NY
sn83031133|Glens Falls messenger|Glens Falls NY
sn83031145|The Glens Falls Republican|Glens Falls NY
sn84031318|The Glens Falls times and messenger|Glens Falls NY
sn84031319|The Glens Falls times|Glens Falls NY
sn87070017|The Gloversville daily leader|Gloversville NY
sn84031293|Gouverneur free press|Gouverneur NY
sn84031341|The Gouverneur herald, and the Gouverneur times|Gouverneur NY
sn84031346|Gouverneur herald-times|Gouverneur NY
sn83031307|The Gouverneur herald|Gouverneur NY
sn83031306|Gouverneur times|Gouverneur NY
sn92061434|Gouverneur tribune-press|Gouverneur NY
sn93063670|The Gouverneur tribune-press|Gouverneur NY
sn95071099|Grand Island news|Grand Island NY
sn88074490|The Granville sentinel|Granville NY
sn88074086|Greater Greece press|Rochester NY
sn88074413|The Greece post|Pittsford NY
sn88074414|The Greece press|Greece NY
sn83031457|Greene County Republican|Catskill NY
sn84031458|The Greenwich journal and Fort Edward advertiser|Greenwich NY
2003245007|The Greenwich journal and Salem press|Greenwich NY
sn84031460|The Greenwich journal and Salem press|Greenwich NY
sn84031457|The Greenwich journal|Greenwich NY
np00030005|The Griffin|Buffalo NY
sn84031698|Hamilton County press|Hope NY
sn87070338|Hamilton County record|Wells NY
sn84035822|Hammond advertiser|Hammond NY
sn89071397|Hanover gazette|Silver Creek NY
sn91066276|Hartwick review and visitor|Hartwick NY
sn83031479|Havana journal|Havana NY
sn95071208|The Helm independent review|Lynbrook NY
sn95071206|The helm|Lynbrook NY
sn91066387|Herald and Democrat|Oneonta NY
sn83030531|The Herald of progress|New York NY  
sn88074713|Herald-mail|Fairport NY
np00050001|The herald|Geneva NY
sn84031815|The herald|Hudson Falls NY
sn92061597|Herkimer County American|Herkimer NY
sn83031097|Herkimer County Democrat|Frankfort NY
sn92061596|Herkimer County Democrat|Herkimer NY
sn83031101|The Herkimer Democrat and Little Falls gazette|Herkimer NY
sn83031098|Herkimer Democrat|Herkimer NY
sn83031099|Herkimer Democrat|Herkimer NY
sn92061595|Herkimer Democrat|Herkimer NY
np00010002|Hill News|Canton NY
np00190001|The Hilltop press|Cortland NY
sn88074080|The Hilton record|Hilton NY
np00050002|Hobart herald|Geneva NY
sn91066802|Hobart independent|Hobart NY
sn87070044|The Honeoye Falls times|Honeoye Falls NY
sn88074248|Honeoye Falls weekly times|Honeoye Falls NY
sn88074472|Honeoye Falls weekly times|Honeoye Falls 
sn87070420|The Hoosick Falls press|Hoosick Falls NY
sn87070423|Hoosick Falls standard press|Hoosick Falls NY
sn88074373|Hudson Valley times|Stillwater NY
sn85035505|The impartial observer|Cooperstown NY
sn92061887|Independent advertiser|Nyack NY
np00110001|The Independent|New York NY
sn87008345|Indian time|Rooseveltown NY
sn92060585|The Industrial School advocate, and soldiers aid|Rochester NY
sn83030537|The Irish world and American industrial liberator|New York NY 
sn87000201|Island dispatch|Grand Island NY
sn95071007|Islip Bulletin|Brentwood NY
sn2001062037|The Item|Chappaqua NY
sn83031157|Ithaca daily journal|Ithaca NY
sn83031162|Ithaca journal and general advertiser|Ithaca NY
sn84031814|Ithaca journal and advertiser|Ithaca NY
sn86081743|Ithaca journal, literary gazette, and general advertiser|Ithaca NY
sn83031155|The Ithaca journal|Ithaca NY
sn83031159|Ithaca journal|Ithaca NY
sn90066543|Ithaca weekly journal|Ithaca NY
sn85026967|Jamaica farmer|Jamaica NY
sn83031314|Jamestown daily journal|Jamestown NY
sn84031578|Jamestown evening journal|Jamestown NY
sn83031315|Jamestown journal|Jamestown NY
np00010005|Jefferson Chronicle|Watertown NY
np00010006|Jefferson Community News|Watertown NY
sn89071121|Johnson City-Endicott record|Johnson City NY
sn85042216|The Johnstown daily Republican|Johnstown NY
sn93063681|The Journal and Republican and Lowville times|Lowville NY
sn83031789|The journal and Republican|Lowville NY
sn93063682|The journal and Republican|Lowville NY
sn84031479|The journal-news|Nyack NY
2013245013|The Journal-press|Greenwich NY
sn84031461|The Journal-press|Greenwich NY
sn93063954|The journal-register|Medina NY
sn98067642|The journal-register|Medina NY
sn84031170|The journal|Ogdensburg NY
sn95071077|The journal|Lackawanna NY
sn84031707|Katonah record|Katonah NY
sn2002061593|The Katonah times|Katonah NY
sn84035781|Kinderhook herald|Kinderhook NY
sn85026719|Kingston daily chronicle|Kingston NY
sn83031208|The Kingston journal and weekly freeman|Kingston NY
sn90066334|The Kingston weekly freeman and journal|Kingston NY
sn84031264|Knowersville enterprise|Knowersville NY
sn95071107|Lackawanna herald|Lackawanna NY
sn94057965|Lackawanna leader|Lackawanna NY
sn95071106|The Lackawanna news|Lackawanna NY
sn94057961|Lackawanna press|Lackawanna NY
sn94057960|Lackawannas steel city press|Lackawanna NY
sn84031857|Lake George mirror|Lake George NY
sn86033359|The Lake Placid news|Lake Placid NY
sn93063740|Lake shore news and times|Silver Creek NY
sn86053181|The lake shore news|Wolcott NY
sn93063936|Lake shore observer|Dunkirk NY
np00080001|The lamron|Geneseo NY
np00080003|Lamron|Geneseo NY
np00080004|Lamron|Geneseo NY
np00080005|Lamron|Geneseo NY
sn84031843|The Lansingburgh courier|Lansingburgh NY
sn84031751|Lansingburgh Democrat and Rensselaer County gazette|Lansingburgh NY
sn83031587|Lansingburgh Democrat|Lansingburgh NY
sn83031524|Lansingburgh gazette|Lansingburgh 
sn83031586|Lansingburgh gazette|Lansingburgh 
sn87070138|Lansingburgh state gazette|Lansingburgh NY
sn84031845|Lansingburgh weekly chronicle|Lansingburgh NY
sn95071064|The leader|Freeport NY
sn89071122|Lestershire-Endicott record|Lestershire NY
sn87070314|Levana gazette ; or, Onondaga advertiser|Scipio NY
sn83031791|The Lewis County banner|Lowville NY
sn83031645|Lewis County Democrat|Lowville NY
sn92062047|The Little Valley hub|Little Valley NY
sn83031327|Livingston Republican|Geneseo NY
sn83030892|The Livingston sentinel|Dansville NY
sn85026747|The Livonia gazette|Livonia NY
sn83031712|Local record|Youngsville NY
sn83031429|Lockport balance|Lockport NY
sn83031391|Lockport daily journal and courier|Lockport NY
sn83031390|Lockport daily journal|Lockport NY
sn94057927|Lockport daily journal|Lockport NY
sn94057588|Lockport daily sun|Lockport NY
sn94057926|The Lockport journal|Lockport NY
sn94057928|Lockport journal|Lockport NY
sn95071025|The Long Island advance|Patchogue NY
sn83031394|Long Island farmer, and Queens County advertiser|Jamaica NY 
sn83031392|Long Island farmer|Jamaica NY
sn83031393|The Long Island farmer|Jamaica NY
sn87070021|The Long Island farmer|Jamaica NY
sn95071112|Long Island graphic and Roosevelt press|Freeport NY
sn95071111|Long Island graphic|Freeport NY
sn95071091|The Long Island kernel|Freeport NY
sn95071443|The Long Island news and the owl|Rockville Centre NY
sn84031433|The Long Island traveler, Mattituck watchman|Southold NY
sn96083590|The Long Island traveler-watchman|Southold, Long Island NY
sn84031476|The Long Island traveler|Cutchogue NY
sn83031119|The Long-Islander|Huntington NY
sn84031842|The Lowville herald and Lewis County Democrat|Lowville NY
sn93063683|Lowville leader and Lyons-Leyden ledger|Lowville NY
sn92061742|The Lowville leader|Lowville NY
sn83031519|The Lowville times and Lewis County independent|Lowville NY
sn84035821|The Lowville times|Lowville NY
sn88074226|The Lyons countryman, and anti-Masonic recorder|Lyons NY
sn85026248|The Lyons countryman|Lyons NY
sn88074711|Lyons Republican|Lyons NY
np00140002|Macedon-Walworth Gananda Times|Walworth NY
sn84031834|Madison County Whig|Cazenovia NY
sn89071374|The Madrid herald|Madrid NY
sn84031968|The Malone farmer|Malone NY
sn83031566|The Malone palladium|Malone NY
sn94023095|Man|New York NY  
sn95071148|Manhasset mail|Manhasset NY
sn95071155|Manhasset press|Manhasset NY
sn88074107|The Marion enterprise|Marion NY
sn84031311|The Massena observer|Massena NY
sn93063612|The Massena press and Norfolk times|Massena NY
sn84024329|McGrawville express|McGrawville NY
sn91066308|The McGrawville sentinel|McGrawville NY
sn88074202|The Mechanicville era|Mechanicville NY
sn84031870|The Mechanicville Mercury|Mechanicville NY
sn88074132|Mechanicville Saturday Mercury|Mechanicville NY
sn84031856|The Mechanicville star|Mechanicville NY
sn85054394|The Mechanicville times|Mechanicville NY
sn91066521|The Medina daily journal and Medina register|Medina NY
sn94057567|The Medina Daily Journal|Medina NY
sn88074109|The Medina Register|Medina NY
sn83031556|The Medina tribune|Medina NY
sn89071242|The Mendon-Honeoye Falls-Lima sentinel|Honeoye Falls NY
sn95071193|Merrick life|Merrick NY
sn84031538|The messenger|Baldwinsville NY
sn83031557|The Mexico independent and deaf-mutes journal|Mexico NY
sn83031559|Mexico independent|Mexico NY
sn85026818|Mexico independent|Mexico NY
sn94061043|Mid-island herald|Hicksville NY
sn95071326|The Mid-island mail|Medford NY
sn90066008|Milford tidings|Milford NY
sn92061458|Millbrook round table|Millbrook NY
sn83031681|Mohawk sentinel|Schenectady NY
sn83031044|Mohawk Valley register|Fort Plain 
sn88074547|Monroe County mail|Fairport NY
sn83030919|Morning express|Buffalo NY
sn85042251|Morning star|Mechanicville NY
sn85026436|The Morris chronicle|Morris NY
sn88074475|The Naples news|Naples NY
sn88074076|Naples record|Naples NY
sn95071433|Nassau County review|Freeport NY
sn95071429|Nassau daily review and Nassau star|Freeport NY
sn95071428|The Nassau daily review|Freeport NY
sn95071434|The Nassau post|Freeport NY
sn84031875|National anti-slavery standard|New York NY 
sn88074479|Neapolitan record|Naples NY
sn88074473|The Neapolitan|Naples NY
sn85026819|The New Berlin gazette|New Berlin NY
sn2001062047|New Castle news|Chappaqua NY
sn92061718|New Castle tribune|Chappaqua NY
sn88074085|The New Greece press|Greece NY
sn86033367|The New Paltz independent and times|New-Paltz NY
sn83031339|New Paltz times|New Paltz NY
sn85026837|The New Rochelle pioneer|New Rochelle NY
sn83030386|New York evening post|New York NY
np00290001|The New York farmer|Cooperstown NY
sn83031930|The New York reformer|Watertown NY
sn83031340|New-Paltz independent|New-Paltz NY
sn83030231|New-York commercial advertiser|New-York NY
sn83030385|New-York evening post|New York NY
sn84024358|The New-York gazette|New-York NY
sn83030279|New-York semi-weekly tribune|New-York NY 
sn88074531|Newark courier-gazette, the Marion enterprise, Clifton Springs press|Newark NY
sn88074232|The Newark courier-gazette, the Marion enterprise|Newark NY
sn88074233|Newark courier-gazette|Newark NY
sn85026906|The Newark courier|Newark NY
sn88074364|The Newark gazette|Newark NY
sn88074362|The Newark Liberal campaign union|Newark NY
sn88074506|Newark union-gazette, the Marion enterprise|Newark NY
sn85026908|Newark union|Newark NY
sn88074501|The Newark-union gazette|Newark NY
sn83031562|The News gatherer|Macedon NY
sn84031973|News-dispatch|Union NY
sn84031163|The news-herald|Coeymans NY
sn94057653|Niagara County News|Youngstown NY
sn83031430|The Niagara Democrat and Lockport balance|Lockport NY
sn83031432|The Niagara Democrat|Lockport NY
sn85042241|The Niagara Democrat|Lockport NY
sn83031373|Niagara Falls gazette|Niagara Falls NY
sn94057924|Niagara Falls gazette|Niagara Falls NY
sn94057952|Niagara Falls gazette|Niagara Falls NY
sn94057632|The Niagara sun|Lockport NY
np00010004|North Country Catholic|Ogdensburg NY
sn84031178|The North countryman|Rouses Point NY
sn87070281|North Creek enterprise|North Creek NY
sn85009634|The North Creek news enterprise|North Creek NY
sn83031611|The North River times|Haverstraw NY
sn2001062048|The North Westchester times ; New Castle tribune|Mt. Kisco NY
sn94057536|The North Westchester times|Katonah NY
sn83032000|The northern budget|Lansingburgh NY
sn92061419|Northern Democrat|Pulaski NY
sn84024296|Northern journal|Lowville NY
sn84031300|Northern light|Ogdensburgh NY
sn86053169|Northern New York journal|Watertown NY
sn94057740|Northern New York semi-weekly journal|Watertown NY
sn94057737|Northern New York weekly journal|Watertown NY
sn93063613|The Northern observer|Massena NY
sn85054388|Northern state journal|Watertown NY
sn87070441|Northern tribune and Gouverneur herald-times|Gouverneur NY
sn87070442|Northern tribune|Gouverneur NY
sn87070443|The Northern tribune|Gouverneur NY
sn83021032|Northern Whig|Hudson NY
sn84031180|Northport journal|Northport NY
sn84031195|Northport observer|Northport NY
sn83031361|The Norwich journal|Norwich NY
sn88075693|Norwood news|Norwood NY
np00010010|NYSSA-News|Canton NY
sn00063146|The observer|Dundee NY
sn84031205|The observer|Northport, Huntington TWP. NY
sn95071028|The observer|Massapequa Park NY
np00270003|The Octagon, Elmira NY
np00130003|The Official student publication of the University of Buffalo, Buffalo NY
sn83031423|The Ogdensburg advance and St. Lawrence weekly Democrat|Ogdensburg NY
sn89071108|Ogdensburg advance-news|Ogdensburg NY
sn89071107|The Ogdensburg advance. St. Lawrence Sunday Democrat|Ogdensburg NY
sn84031165|Ogdensburg journal|Ogdensburg NY
sn85054113|The Ogdensburg journal|Ogdensburg NY
sn85026901|The Ogdensburgh sentinel|Ogdensburgh NY
np00030002|Old Weird Herald|Sanborn NY
sn92061797|Olean daily herald|Olean NY
sn92061812|The Olean Democrat|Olean NY
sn89077026|Olean herald|Olean NY
np00110003|The olive branch|Utica NY
sn87070153|On the St. Lawrence and Clayton independent|Clayton NY
sn94057711|On the St. Lawrence|Carthage NY
sn83031398|The Oneida dispatch|Oneida NY
sn83031403|Oneida sachem|Oneida NY
sn84031876|Oneida telegraph|Oneida NY
sn85038687|Oneida weekly dispatch|Oneida NY
sn83031856|Oneida Whig|Utica NY
sn85026889|Oneonta herald and Democrat|Oneonta NY
sn83031383|Oneonta herald|Oneonta NY
sn91066711|The Oneonta herald|Oneonta NY
sn83030759|Onondaga gazette|Baldwinsville NY
sn84031436|Onondaga independent|Fayetteville NY
sn83031898|Onondaga register and Syracuse gazette|Syracuse NY
sn83031672|Onondaga register|Hollow NY
sn85026150|Ontario repository and freeman|Canandaigua NY
sn83031197|Ontario repository|Canandaigua NY
sn83031529|Ontario repository|Canandaigua NY
sn85054117|Orleans Republican|Albion NY
sn83031421|The Oswego daily palladium|Oswego 
sn93063567|The Oswego daily palladium|Oswego NY
sn83031485|The Oswego palladium and Republican chronicle|Oswego NY
sn83031484|Oswego palladium|Oswego NY
sn83031486|The Oswego palladium|Oswego NY
sn88075670|Oswego palladium|Oswego NY
sn93063566|Oswego palladium|Oswego NY
np00010011|The Oswegonian|Oswego NY
np00320003|The other paper|Syracuse NY
sn83031219|The Otsego Democrat|Cooperstown NY
sn87070110|The Otsego farmer|Cooperstown NY
sn83031207|The Otsego herald ; or, Western advertiser|Cooperstown NY
sn84031005|Otsego herald|Cooperstown NY
sn83031134|The Otsego journal|Gilbertsville NY
sn83031220|The Otsego Republican|Cooperstown NY
sn83031221|Otsego Republican|Cooperstown NY
sn85026330|The Otsego Republican|Cooperstown NY
sn91066405|Otsego tidings|Milford NY
np00320001|Overview|Syracuse NY
sn83007776|The Ovid gazette|Ovid NY
sn84035813|The owl|Rockville Centre NY
sn84035789|Oxford gazette|Oxford NY
sn91066749|Oxford press|Oxford NY
sn86063477|The Oxford review-times|Oxford NY
sn86063476|The Oxford review|Oxford NY
sn83031464|Oxford times|Oxford NY
sn84031139|Painted Post times|Painted Post NY
sn88074102|The palisades|Camp Shanks NY
sn84031482|The Palladium-times|Oswego-Fulton NY
sn84035943|Palmyra courier-journal and the Macedon journal|Palmyra NY
sn84035938|Palmyra courier-journal|Palmyra NY
sn83031814|The Palmyra courier|Palmyra NY
sn86091503|The Palmyra Democrat|Palmyra NY
sn84035797|Palmyra herald, and canal advertiser|Palmyra NY
sn88074192|Palmyra journal|Palmyra NY
sn84031392|Palmyra register|Palmyra NY
np00230002|The Paper sun|Utica NY
sn86071739|The Patchogue advance|Patchogue NY
sn83008557|Patent trader|Mount Kisco NY
sn84031431|Penn Yan courier|Penn Yan NY
sn83031516|Penn Yan express|Penn Yan NY
sn83031517|Penn-Yan Democrat|Penn-Yan NY
sn83031217|The peoples journal|Greenwich NY
sn83030737|The peoples press|Batavia NY
sn83031182|The peoples press|Kingston NY
sn88074482|Perry record|Perry NY
sn88074676|Phelps citizen-echo and Clifton Springs review|Phelps NY
sn88074678|The Phelps citizen-echo|Phelps NY
sn88074662|The Phelps citizen|Phelps NY
sn88074749|Phelps citizen|Phelps NY
sn89071030|Phelps country editor|Phelps NY
sn85025689|The picket|Rockville Center NY 
sn83031475|The pilot|Cazenovia NY
np00090002|The Pioneer|Rochester NY
sn2001061808|Pipe dream|Binghamton NY
sn96083606|The Plaindealer|Roslyn NY
sn84031094|Plattsburgh daily press|Plattsburgh NY
sn84031883|Plattsburgh daily Republican|Plattsburgh NY
sn84031356|Plattsburgh press-Republican|Plattsburgh NY
sn83031979|Plattsburgh Republican|Plattsburgh NY
sn88075730|The Plattsburgh sentinel and Clinton County farmer|Plattsburgh NY
sn85026976|The Plattsburgh sentinel|Plattsburgh NY
sn88075736|The Plattsburgh sentinel|Plattsburgh NY
sn90066261|The Pokeepsie evening enterprise|Pokeepsie NY
sn88075686|The Port Jefferson echo|Echo P.O., Long Island, Port Jefferson NY
sn88075685|Port Jefferson times-echo|Port Jefferson NY
sn85025688|Port Jervis daily union|Port Jervis NY
sn91066174|The Port Jervis union|Port Jervis NY
np00040001|Porthole|Throggs Neck NY
sn92062088|The Portville autograph|Portville NY
sn86034918|Portville review|Portville NY
sn86034919|The Portville star|Portville NY
np00150001|Post Script|Paul Smiths NY
sn84031447|The post-star|Glens Falls NY
sn85042161|The post|Ellicottville NY
sn84035824|The Potsdam herald-recorder|Potsdam NY
sn91066542|Poughkeepsie eagle, twice-a-week|Poughkeepsie NY
sn83031737|The Poughkeepsie eagle|Poughkeepsie NY
sn83031875|Poughkeepsie eagle|Poughkeepsie NY 
sn92061519|Poughkeepsie eagle|Poughkeepsie NY
sn88074101|Press-Republican|Plattsburgh NY
np00190002|The Press|Cortland NY
np00110004|The Principle|New York NY  
sn95071166|Przeglad tygodniowy = Polish weekly review|Niagara Falls NY
sn94057791|Pulaski advocate|Pulaski NY
sn92061420|The Pulaski banner|Pulaski NY
sn83031648|The Pulaski Democrat|Pulaski NY
sn95071432|Queens County review|Freeport NY
np00210001|R.I.T. reporter|Rochester NY
np00010012|The Racquette|Potsdam NY
sn91066641|Ramapo Valley gazette|Monroe NY
sn84031158|The Ravena news|Ravena NY
np00170001|The Ray|Troy NY
sn89071120|The record|Johnson City NY
sn97063616|The record|Huntington NY
sn83031691|The reflector and Schenectady Democrat|Schenectady NY
sn83032054|The reflector|Palmyra NY
sn87028314|Rensselaer County standard|Hoosick Falls NY
sn88074073|Republic-democrat|Brockport NY
sn88075679|The Republic|Buffalo NY
sn87070312|The Republican agriculturalist|Norwich NY
sn83031223|Republican and Democrat|Cooperstown NY
sn83031224|Republican and Democrat|Cooperstown NY
sn83031470|Republican monitor|Morrisville NY
sn96083520|Republican watchman and Jeffersonian Democrat|Monticello NY 
sn83031367|Republican watchman|Monticello NY
sn96083521|Republican watchman|Monticello NY
sn84024315|The Republican-journal|Ogdensburg NY
sn84031397|Republican|Plattsburgh NY
sn85054312|The Republican|Ellicottville NY
sn85042811|Richfield Springs daily|Richfield Springs NY
sn84026341|Richfield Springs Mercury|Richfield Springs NY
sn84035793|Richland courier|Pulaski NY
sn88079199|Richmond County advance|West New Brighton NY
sn2001061990|Richmond County democrat|Tompkinsville NY
sn87030234|The Rio Grande rattler|McAllen TX
sn84031405|Rochester Abendpost|Rochester NY
sn84031185|Rochester Beobachter|Rochester NY
sn84026578|Rochester daily telegraph|Rochester NY
sn84031190|Rochester taÌˆglicher Beobachter|Rochester NY
sn84026327|Rochester telegraph|Rochester NY
sn85025685|Rockland County journal|Nyack NY
sn83031487|Rockland County messenger|Haverstraw NY
sn83031499|Rockland County times weekly|Haverstraw NY
sn91067014|The Rockland news|Nyack NY
sn83031997|Rome daily sentinel|Rome NY
sn83031885|The Rome sentinel|Rome NY
np00220001|The Rosendale news|Rosendale NY
sn95071389|The Roslyn news|Roslyn NY
sn95071256|Roslyn tablet|Roslyn NY
sn84035818|Rural times|Otego NY
sn84031426|Rushville chronicle and Gorham new age|Penn Yan NY
sn84031153|The Rushville chronicle|Rushville NY 
sn85054481|Sag Harbor express and the news and the corrector|Sag Harbor NY
sn90066145|Sag Harbor express|Sag Harbor NY
sn83031600|Sag-Harbor express|Sag Harbor NY
sn92062037|Salamanca inquirer|Salamanca NY
sn83031653|Sandy Creek news|Sandy Creek NY
sn88075697|Sandy Creek times|Sandy Creek NY
sn91066722|Saturday critic|Ontonta NY
sn84031391|Saturday evening review|Elmira NY
sn89071300|Sayville weekly news|Sayville NY
sn83031677|The Schenectady cabinet, or, Freedoms sentinel|Schenectady NY
sn83031678|The Schenectady cabinet|Schenectady NY
sn86063498|The Schenectady cabinet|Schenectady NY
sn83031692|Schenectady Democrat|Schenectady NY
sn83031700|Schenectady Democrat. And reflector|Schenectady NY
sn83031694|Schenectady reflector|Schenectady NY
sn83031771|The Schenectady reflector|Schenectady NY
sn91066726|Schenevus Valley news|Schenevus NY
sn84031321|Schuyler County chronicle|Watkins NY
sn96083556|The Sea-side times|Southampton NY
sn84031803|Semi-weekly chronicle|Lansingburgh NY
sn92061520|The Semi-weekly eagle and Poughkeepsie news-telegraph|Poughkeepsie NY
sn85025980|Semi-weekly tribune|New-York NY
sn90066080|Seneca County courier-journal|Seneca Falls NY
sn90066128|The Seneca County journal|Seneca Falls NY
np00260001|The Shanks villager|Orangeburg NY
sn93063757|Silver Creek gazette|Silver Creek NY
sn84035899|Silver Creek local|Silver Creek NY
sn93063739|Silver Creek news and times|Silver Creek NY
sn92062089|Silver Creek news|Silver Creek NY
sn93063738|Silver Creek times|Silver Creek NY
sn88074193|Silver Springs signal|Silver Springs NY
sn92062049|Silver-Creek gazette|Silver Creek NY
np00110005|The social world|Rochester NY
sn92061740|South New Berlin bee|South New Berlin NY
sn96083504|South Side messenger|Bellmore NY
sn84031784|South side observer|Freeport, NY
sn83031038|South Side Signal|Babylon NY
sn83007173|Southampton press|Southampton NY
sn84031396|The Southern-tier leader|Elmira NY
np00130004|The Spectrum|Buffalo NY
np00130006|The Spectrum|Buffalo NY
np00110006|The Spirit of the age|New York NY
sn88074229|Spirit of the times and peoples press|Batavia NY
sn83030747|Spirit of the times|Batavia NY
sn86053155|The spirit of the times|Batavia NY
sn88075726|The spirit of the times|Batavia NY 
np00030001|The Spirit|Sanborn NY
np00110007|Spiritual clarion|Auburn NY
sn93062939|Spiritual telegraph|New York NY 
np00110008|The Spiritualist at work|New York NY
sn88099995|St. Lawrence American|Ogdensburgh NY
sn83031402|St. Lawrence gazette|Ogdensburgh NY
sn84035825|The St. Lawrence herald|Potsdam NY
sn83031416|St. Lawrence Republican and Ogdensburgh weekly journal|Ogdensburgh NY
sn85026930|St. Lawrence Republican, and general advertiser|Ogdensburgh NY
sn83031401|St. Lawrence Republican|Ogdensburgh NY
sn83030944|Stamford and Bloomville mirror|Stamford NY
sn87070421|The Standard press|Hoosick Falls NY
sn91066345|The Star of Delaware|Delhi NY
sn84035887|Staten Island advance|Staten Island NY
sn87073006|Staten Island independent|Staten Island NY
sn83030976|The Staten Island leader|Edgewater NY 
np00060001|The Stylus|Brockport NY
sn93063722|Suburban life|DeWitt NY
sn84031477|The Suffolk County news|Sayville NY
sn83031183|Suffolk weekly times|Greenport NY
sn90066315|Sullivan County record Roscoe Rockland review|Jeffersonville NY
sn83031330|Sullivan County record|Jeffersonville NY
sn84031251|The summary|Elmira NY
np00200001|The Sun and Record|Williamson NY
sn83030430|The Sun and New York press|New York NY
sn83030273|The Sun and the New York herald|New York NY
sn83030272|The sun|New York NY
sn83030431|The sun|New York NY
sn86034967|The sun|Fort Covington NY
sn88074644|Sunday morning herald|Olean NY
sn85054487|Sunday morning telegram|Elmira NY
sn84031252|Sunday morning tidings|Elmira NY
np00180001|The sunflower|Lily Dale NY
np00240001|SUNY Erie Community College Student Voice|Buffalo NY
sn83031907|Syracuse Union|Syracuse NY
np00300002|Tangerine|Utica NY
sn92061886|Tarrytown daily news|Tarrytown NY
np00100001|The Gleaner|Rochester NY
sn93063543|Ticonderoga sentinel and Ticonderogian|Ticonderoga NY
sn84035884|Ticonderoga sentinel|Ticonderoga NY
sn93063544|Ticonderoga sentinel|Ticonderoga NY
2008245210|The Times of Northport and East Northport|Setauket NY
2008245209|The Times of Northport|Setauket NY
np00140004|Times of Wayne County|Macedon NY
np00140003|Times|Walworth NY
sn89071289|Tioga County courier-gazette|Owego NY
sn85026905|Tioga County record|Owego NY
sn85042153|The tocsin|Cooperstown NY
sn89071071|Town and country gazette|Livonia NY
sn88074477|Tri-county times|Arcade NY
sn83031675|Tri-states union|Port Jervis NY
sn83031312|The tribune-press|Gouverneur NY
sn83031777|The Troy sentinel|Troy NY
sn83031799|The Troy weekly times|Troy NY
sn84031109|Tupper Lake free press and Tupper Lake herald|Tupper Lake NY
sn87070372|Tupper Lake free press|Tupper Lake NY
sn87070317|The Tupper Lake herald and Adirondack mountain press|Tupper Lake NY
sn87070316|The Tupper Lake herald|Tupper Lake NY
sn85054249|The Turin gazette|Turin NY
np00130005|U of B spectrum|Buffalo NY
sn83031837|The Unadilla times|Unadilla NY
sn93063671|Tribune-press|Gouverneur NY
sn91066322|The Union Argus|Union NY
sn84031974|The Union news|Union NY
sn90066178|The Union news|Union NY
sn91066319|The Union news|Union NY
sn83031857|The Union weekly news|Union NY
sn84031975|Union-Endicott news|Union NY
sn88074365|The Union-gazette|Newark NY
sn83031226|Union-Village journal|Greenwich NY
np00110009|The universe|New York NY
np00300001|Utica College News|Utica NY
np00300003|Utica College Oracle|Utica NY
sn83031899|Utica daily observer|Utica NY
sn83031902|The Utica observer|Utica NY
sn91066207|The Valley breeze|Van Ettenville NY
sn91066727|The Valley news|Schenevus NY
sn84031338|Viewpoint Finger Lakes|Dundee NY
sn88074281|The village chronicle|Dansville Village NY
sn83030608|The villager|New York NY
sn97063618|Voice of the people|Auburn NY
sn90066221|The Waddington pioneer|Waddington NY
sn84035844|Waddington recorder|Waddington NY
sn90066222|Waddington reporter|Waddington NY
sn83031174|Warren County messenger|Glens Falls NY
sn87070352|Warren messenger|Glens Falls NY
sn87070275|Washington County advertiser|Fort Edward NY
sn84031326|The Washington County chronicle|Whitehall NY
sn83031304|Washington County journal|Union-Village NY
sn83031734|Washington County news|Whitehall NY
sn84031455|Washington County peoples journal|Greenwich NY
sn84031454|Washington journal|Union-Village NY
sn83031536|The Watch-tower|Cooperstown NY
sn96083587|The Watchman of the sunrise trail|Mattituck NY
sn96083588|The watchman|Mattituck NY
sn84035539|Watertown Daily Times|Watertown NY
sn84035541|Watertown Daily Times|Watertown NY
sn85054447|The Watertown herald|Watertown NY
sn85054450|Watertown re-union|Watertown NY
sn84035540|Watertown times|Watertown NY
sn89071316|The Wave of Long Island|Oceanus NY
sn88074191|Wayne County dispatch|Palmyra NY
sn84031445|The Wayne County journal|Palmyra NY
sn87070398|The Wayne County mail and Ontario register|Ontario NY
sn83007652|Wayne County mail|Ontario NY
sn84024337|Wayne sentinel|Palmyra NY
sn82007246|The Webster herald|Webster NY
sn83031013|The weekly recorder|Fayetteville NY
sn99066040|The weekly sun|New York NY
sn88074455|The weekly times|Honeoye Falls NY
sn92062143|The western Argus|Westfield NY
sn83031453|Western constellation|Catskill NY
sn84035796|Western farmer|Palmyra NY
sn84031116|The Western federalist|Auburn NY
sn89071006|Western New York advertiser|Dansville NY
sn83031506|Western repository|Canandaigua NY
sn85025341|The western star|Westfield NY
sn92062137|Westfield advocate|Westfield NY
sn92062144|Westfield critic|Westfield NY
sn83031735|Westfield messenger|Westfield NY
sn83031732|Westfield Republican|Westfield NY
sn89071098|The Westfield transcript|Westfield NY
sn2003060372|The White Plains argus|White Plains NY
sn2001062096|White Plains daily argus|White Plains NY
sn85054098|The Whitehall chronicle|Whitehall NY
sn84031327|The Whitehall times|Whitehall NY
sn92061685|The Whitesville news|Whitesville NY
sn92061687|The Whitesville news|Whitesville NY 
sn88074517|The Williamson sentinel|Williamson NY
sn88074529|The Williamson sun and The Williamson sentinel|Williamson NY
sn92062238|Woodhull and Claflins weekly|New York, NY
sn84031337|The Worcester times|Worcester NY
np00010015|The Word|Watertown NY
sn86034975|The Wyoming County herald|Bliss and Silver Springs NY
sn84035923|Wyoming County times|Warsaw NY
sn83031518|Yates County chronicle|Penn Yan NY
sn83031797|Yates County Whig|Penn-Yan NY
np00110010|The year of jubilee|New York NY
sn94057918|The Youngstown News and Niagara Free Press|Youngstown NY
sn94057579|The Youngstown News|Youngstown NY
sn94057578|Youngstown Times|Youngstown NY
